{"cameraMode":{"drawMode":0,"name":"Shaded","section":"Shading Mode"},"sceneLighting":true,"audioPlay":false,"sceneViewState":{"m_AlwaysRefresh":false,"showFog":true,"showSkybox":true,"showFlares":true,"showImageEffects":true,"showParticleSystems":true,"showVisualEffectGraphs":true,"m_FxEnabled":true},"in2DMode":false,"pivot":{"x":72.27779388427735,"y":4.699851989746094,"z":33.20094680786133},"rotation":{"x":-0.023641493171453477,"y":-0.9686192274093628,"z":0.22567036747932435,"w":-0.10148309171199799},"size":40.01882553100586,"orthographic":true}