{"cameraMode":{"drawMode":0,"name":"Shaded","section":"Shading Mode"},"sceneLighting":true,"audioPlay":false,"sceneViewState":{"m_AlwaysRefresh":false,"showFog":true,"showSkybox":true,"showFlares":true,"showImageEffects":true,"showParticleSystems":true,"showVisualEffectGraphs":true,"m_FxEnabled":true},"in2DMode":false,"pivot":{"x":72.48416900634766,"y":5.131916046142578,"z":32.4034309387207},"rotation":{"x":-0.010864893905818463,"y":-0.9795042872428894,"z":0.19346167147159577,"w":-0.05500960722565651},"size":2.1994097232818605,"orthographic":true}