{"cameraMode":{"drawMode":0,"name":"Shaded","section":"Shading Mode"},"sceneLighting":true,"audioPlay":false,"sceneViewState":{"m_AlwaysRefresh":false,"showFog":true,"showSkybox":true,"showFlares":true,"showImageEffects":true,"showParticleSystems":true,"showVisualEffectGraphs":true,"m_FxEnabled":true},"in2DMode":false,"pivot":{"x":72.99371337890625,"y":2.6311519145965578,"z":33.57802200317383},"rotation":{"x":0.014095321297645569,"y":-0.029399443417787553,"z":-0.0004127802967559546,"w":-0.999472439289093},"size":10.282890319824219,"orthographic":true}